{
  "dataset_revision": null,
  "mteb_dataset_name": "DBPedia-PL",
  "mteb_version": "1.1.1",
  "test": {
    "evaluation_time": 8617.09,
    "map_at_1": 0.05474,
    "map_at_10": 0.10197,
    "map_at_100": 0.13382,
    "map_at_1000": 0.14147,
    "map_at_3": 0.07689,
    "map_at_5": 0.08701,
    "mrr_at_1": 0.43,
    "mrr_at_10": 0.52135,
    "mrr_at_100": 0.52735,
    "mrr_at_1000": 0.52777,
    "mrr_at_3": 0.49708,
    "mrr_at_5": 0.50771,
    "ndcg_at_1": 0.33,
    "ndcg_at_10": 0.23685,
    "ndcg_at_100": 0.26264,
    "ndcg_at_1000": 0.32287,
    "ndcg_at_3": 0.26751,
    "ndcg_at_5": 0.24768,
    "precision_at_1": 0.43,
    "precision_at_10": 0.19,
    "precision_at_100": 0.05602,
    "precision_at_1000": 0.0122,
    "precision_at_3": 0.29917,
    "precision_at_5": 0.2455,
    "recall_at_1": 0.05474,
    "recall_at_10": 0.14503,
    "recall_at_100": 0.30216,
    "recall_at_1000": 0.51254,
    "recall_at_3": 0.08681,
    "recall_at_5": 0.10566
  }
}