{
  "dataset_revision": null,
  "mteb_dataset_name": "FiQA-PL",
  "mteb_version": "1.1.1",
  "test": {
    "evaluation_time": 269.87,
    "map_at_1": 0.10387,
    "map_at_10": 0.16612,
    "map_at_100": 0.17748,
    "map_at_1000": 0.1792,
    "map_at_3": 0.13899,
    "map_at_5": 0.15394,
    "mrr_at_1": 0.20679,
    "mrr_at_10": 0.27858,
    "mrr_at_100": 0.28668,
    "mrr_at_1000": 0.28748,
    "mrr_at_3": 0.25592,
    "mrr_at_5": 0.26973,
    "ndcg_at_1": 0.20679,
    "ndcg_at_10": 0.22068,
    "ndcg_at_100": 0.27348,
    "ndcg_at_1000": 0.31253,
    "ndcg_at_3": 0.18981,
    "ndcg_at_5": 0.20156,
    "precision_at_1": 0.20679,
    "precision_at_10": 0.06404,
    "precision_at_100": 0.01196,
    "precision_at_1000": 0.00186,
    "precision_at_3": 0.12654,
    "precision_at_5": 0.09938,
    "recall_at_1": 0.10387,
    "recall_at_10": 0.2746,
    "recall_at_100": 0.47811,
    "recall_at_1000": 0.7261,
    "recall_at_3": 0.16912,
    "recall_at_5": 0.21565
  }
}