{
  "dataset_revision": null,
  "mteb_dataset_name": "HotpotQA-PL",
  "mteb_version": "1.1.1",
  "test": {
    "evaluation_time": 9980.2,
    "map_at_1": 0.2291,
    "map_at_10": 0.30584,
    "map_at_100": 0.31417,
    "map_at_1000": 0.31506,
    "map_at_3": 0.28599,
    "map_at_5": 0.29755,
    "mrr_at_1": 0.4582,
    "mrr_at_10": 0.52981,
    "mrr_at_100": 0.53546,
    "mrr_at_1000": 0.53586,
    "mrr_at_3": 0.51116,
    "mrr_at_5": 0.52156,
    "ndcg_at_1": 0.4582,
    "ndcg_at_10": 0.38512,
    "ndcg_at_100": 0.42159,
    "ndcg_at_1000": 0.44237,
    "ndcg_at_3": 0.34843,
    "ndcg_at_5": 0.3669,
    "precision_at_1": 0.4582,
    "precision_at_10": 0.08095,
    "precision_at_100": 0.011,
    "precision_at_1000": 0.00138,
    "precision_at_3": 0.21512,
    "precision_at_5": 0.14366,
    "recall_at_1": 0.2291,
    "recall_at_10": 0.40473,
    "recall_at_100": 0.5499,
    "recall_at_1000": 0.68859,
    "recall_at_3": 0.32269,
    "recall_at_5": 0.35915
  }
}