{
  "dataset_revision": null,
  "mteb_dataset_name": "MSMARCO-PL",
  "mteb_version": "1.1.1",
  "test": {
    "evaluation_time": 13987.89,
    "map_at_1": 0.01034,
    "map_at_10": 0.07744,
    "map_at_100": 0.18471,
    "map_at_1000": 0.22036,
    "map_at_3": 0.02862,
    "map_at_5": 0.04631,
    "mrr_at_1": 0.67442,
    "mrr_at_10": 0.74764,
    "mrr_at_100": 0.75306,
    "mrr_at_1000": 0.75306,
    "mrr_at_3": 0.72868,
    "mrr_at_5": 0.73915,
    "ndcg_at_1": 0.51163,
    "ndcg_at_10": 0.46321,
    "ndcg_at_100": 0.39573,
    "ndcg_at_1000": 0.46682,
    "ndcg_at_3": 0.48631,
    "ndcg_at_5": 0.48111,
    "precision_at_1": 0.67442,
    "precision_at_10": 0.54884,
    "precision_at_100": 0.23209,
    "precision_at_1000": 0.046,
    "precision_at_3": 0.60465,
    "precision_at_5": 0.59535,
    "recall_at_1": 0.01034,
    "recall_at_10": 0.09304,
    "recall_at_100": 0.3362,
    "recall_at_1000": 0.55004,
    "recall_at_3": 0.03083,
    "recall_at_5": 0.05292
  },
  "validation": {
    "evaluation_time": 15062.81,
    "map_at_1": 0.10947,
    "map_at_10": 0.18122,
    "map_at_100": 0.1925,
    "map_at_1000": 0.19334,
    "map_at_3": 0.15639,
    "map_at_5": 0.16948,
    "mrr_at_1": 0.11261,
    "mrr_at_10": 0.18565,
    "mrr_at_100": 0.19668,
    "mrr_at_1000": 0.19749,
    "mrr_at_3": 0.16065,
    "mrr_at_5": 0.17384,
    "ndcg_at_1": 0.11275,
    "ndcg_at_10": 0.22492,
    "ndcg_at_100": 0.28347,
    "ndcg_at_1000": 0.30728,
    "ndcg_at_3": 0.17305,
    "ndcg_at_5": 0.19664,
    "precision_at_1": 0.11275,
    "precision_at_10": 0.03752,
    "precision_at_100": 0.00674,
    "precision_at_1000": 0.00088,
    "precision_at_3": 0.07502,
    "precision_at_5": 0.05693,
    "recall_at_1": 0.10947,
    "recall_at_10": 0.36028,
    "recall_at_100": 0.63992,
    "recall_at_1000": 0.82771,
    "recall_at_3": 0.21713,
    "recall_at_5": 0.27399
  }
}