{
  "dataset_revision": null,
  "mteb_dataset_name": "NFCorpus-PL",
  "mteb_version": "1.1.1",
  "test": {
    "evaluation_time": 32.4,
    "map_at_1": 0.04225,
    "map_at_10": 0.08195,
    "map_at_100": 0.09873,
    "map_at_1000": 0.10839,
    "map_at_3": 0.06078,
    "map_at_5": 0.07043,
    "mrr_at_1": 0.36533,
    "mrr_at_10": 0.44669,
    "mrr_at_100": 0.45281,
    "mrr_at_1000": 0.45349,
    "mrr_at_3": 0.42673,
    "mrr_at_5": 0.43725,
    "ndcg_at_1": 0.3452,
    "ndcg_at_10": 0.24479,
    "ndcg_at_100": 0.21698,
    "ndcg_at_1000": 0.30523,
    "ndcg_at_3": 0.292,
    "ndcg_at_5": 0.27027,
    "precision_at_1": 0.36223,
    "precision_at_10": 0.18019,
    "precision_at_100": 0.05248,
    "precision_at_1000": 0.01708,
    "precision_at_3": 0.27451,
    "precision_at_5": 0.23282,
    "recall_at_1": 0.04225,
    "recall_at_10": 0.11725,
    "recall_at_100": 0.21743,
    "recall_at_1000": 0.5267,
    "recall_at_3": 0.06975,
    "recall_at_5": 0.08887
  }
}