{
  "dataset_revision": null,
  "mteb_dataset_name": "NQ-PL",
  "mteb_version": "1.1.1",
  "test": {
    "evaluation_time": 7580.51,
    "map_at_1": 0.17811,
    "map_at_10": 0.28569,
    "map_at_100": 0.29768,
    "map_at_1000": 0.29836,
    "map_at_3": 0.25167,
    "map_at_5": 0.27141,
    "mrr_at_1": 0.20017,
    "mrr_at_10": 0.30619,
    "mrr_at_100": 0.31638,
    "mrr_at_1000": 0.31692,
    "mrr_at_3": 0.27482,
    "mrr_at_5": 0.29314,
    "ndcg_at_1": 0.19988,
    "ndcg_at_10": 0.34654,
    "ndcg_at_100": 0.4018,
    "ndcg_at_1000": 0.4194,
    "ndcg_at_3": 0.27976,
    "ndcg_at_5": 0.31378,
    "precision_at_1": 0.19988,
    "precision_at_10": 0.06057,
    "precision_at_100": 0.00916,
    "precision_at_1000": 0.00108,
    "precision_at_3": 0.12978,
    "precision_at_5": 0.09728,
    "recall_at_1": 0.17811,
    "recall_at_10": 0.51316,
    "recall_at_100": 0.76142,
    "recall_at_1000": 0.89533,
    "recall_at_3": 0.33806,
    "recall_at_5": 0.41708
  }
}