{
  "dataset_revision": null,
  "mteb_dataset_name": "SCIDOCS-PL",
  "mteb_version": "1.1.1",
  "test": {
    "evaluation_time": 165.47,
    "map_at_1": 0.024,
    "map_at_10": 0.05948,
    "map_at_100": 0.07025,
    "map_at_1000": 0.07213,
    "map_at_3": 0.04456,
    "map_at_5": 0.05179,
    "mrr_at_1": 0.119,
    "mrr_at_10": 0.1969,
    "mrr_at_100": 0.20783,
    "mrr_at_1000": 0.20863,
    "mrr_at_3": 0.17167,
    "mrr_at_5": 0.18547,
    "ndcg_at_1": 0.119,
    "ndcg_at_10": 0.10869,
    "ndcg_at_100": 0.15977,
    "ndcg_at_1000": 0.20308,
    "ndcg_at_3": 0.10454,
    "ndcg_at_5": 0.09014,
    "precision_at_1": 0.119,
    "precision_at_10": 0.0571,
    "precision_at_100": 0.01311,
    "precision_at_1000": 0.00237,
    "precision_at_3": 0.10133,
    "precision_at_5": 0.0808,
    "recall_at_1": 0.024,
    "recall_at_10": 0.11573,
    "recall_at_100": 0.2663,
    "recall_at_1000": 0.48083,
    "recall_at_3": 0.06158,
    "recall_at_5": 0.08188
  }
}