{
  "dataset_revision": null,
  "mteb_dataset_name": "SciFact-PL",
  "mteb_version": "1.1.1",
  "test": {
    "evaluation_time": 43.09,
    "map_at_1": 0.37583,
    "map_at_10": 0.45307,
    "map_at_100": 0.46361,
    "map_at_1000": 0.46419,
    "map_at_3": 0.43102,
    "map_at_5": 0.44486,
    "mrr_at_1": 0.4,
    "mrr_at_10": 0.47558,
    "mrr_at_100": 0.48342,
    "mrr_at_1000": 0.48388,
    "mrr_at_3": 0.455,
    "mrr_at_5": 0.46783,
    "ndcg_at_1": 0.4,
    "ndcg_at_10": 0.4969,
    "ndcg_at_100": 0.54267,
    "ndcg_at_1000": 0.55888,
    "ndcg_at_3": 0.45513,
    "ndcg_at_5": 0.47726,
    "precision_at_1": 0.4,
    "precision_at_10": 0.06867,
    "precision_at_100": 0.0093,
    "precision_at_1000": 0.00107,
    "precision_at_3": 0.18222,
    "precision_at_5": 0.124,
    "recall_at_1": 0.37583,
    "recall_at_10": 0.61022,
    "recall_at_100": 0.81811,
    "recall_at_1000": 0.94767,
    "recall_at_3": 0.49478,
    "recall_at_5": 0.55011
  }
}