{
  "dataset_revision": null,
  "mteb_dataset_name": "TRECCOVID-PL",
  "mteb_version": "1.1.1",
  "test": {
    "evaluation_time": 1010.18,
    "map_at_1": 0.00131,
    "map_at_10": 0.00985,
    "map_at_100": 0.04486,
    "map_at_1000": 0.10874,
    "map_at_3": 0.00371,
    "map_at_5": 0.00579,
    "mrr_at_1": 0.52,
    "mrr_at_10": 0.64689,
    "mrr_at_100": 0.65006,
    "mrr_at_1000": 0.65006,
    "mrr_at_3": 0.62333,
    "mrr_at_5": 0.63633,
    "ndcg_at_1": 0.49,
    "ndcg_at_10": 0.44306,
    "ndcg_at_100": 0.32273,
    "ndcg_at_1000": 0.30253,
    "ndcg_at_3": 0.47224,
    "ndcg_at_5": 0.46023,
    "precision_at_1": 0.52,
    "precision_at_10": 0.478,
    "precision_at_100": 0.3322,
    "precision_at_1000": 0.13988,
    "precision_at_3": 0.52667,
    "precision_at_5": 0.508,
    "recall_at_1": 0.00131,
    "recall_at_10": 0.01251,
    "recall_at_100": 0.07815,
    "recall_at_1000": 0.29138,
    "recall_at_3": 0.0043,
    "recall_at_5": 0.00689
  }
}