{
  "dataset_revision": null,
  "mteb_dataset_name": "ArguAna-PL",
  "mteb_version": "1.1.1",
  "test": {
    "evaluation_time": 47.84,
    "map_at_1": 0.19061,
    "map_at_10": 0.33236,
    "map_at_100": 0.34411,
    "map_at_1000": 0.34436,
    "map_at_3": 0.28319,
    "map_at_5": 0.31057,
    "mrr_at_1": 0.20057,
    "mrr_at_10": 0.33604,
    "mrr_at_100": 0.34786,
    "mrr_at_1000": 0.34811,
    "mrr_at_3": 0.28663,
    "mrr_at_5": 0.31422,
    "ndcg_at_1": 0.19061,
    "ndcg_at_10": 0.41716,
    "ndcg_at_100": 0.47135,
    "ndcg_at_1000": 0.47767,
    "ndcg_at_3": 0.315,
    "ndcg_at_5": 0.36458,
    "precision_at_1": 0.19061,
    "precision_at_10": 0.06906,
    "precision_at_100": 0.00937,
    "precision_at_1000": 0.00099,
    "precision_at_3": 0.13585,
    "precision_at_5": 0.10569,
    "recall_at_1": 0.19061,
    "recall_at_10": 0.69061,
    "recall_at_100": 0.93741,
    "recall_at_1000": 0.98649,
    "recall_at_3": 0.40754,
    "recall_at_5": 0.52845
  }
}