{
  "dataset_revision": null,
  "mteb_dataset_name": "Quora-PL",
  "mteb_version": "1.1.1",
  "test": {
    "evaluation_time": 390.64,
    "map_at_1": 0.59177,
    "map_at_10": 0.72179,
    "map_at_100": 0.72985,
    "map_at_1000": 0.73022,
    "map_at_3": 0.6907,
    "map_at_5": 0.70946,
    "mrr_at_1": 0.6823,
    "mrr_at_10": 0.76236,
    "mrr_at_100": 0.76524,
    "mrr_at_1000": 0.76533,
    "mrr_at_3": 0.74608,
    "mrr_at_5": 0.7564,
    "ndcg_at_1": 0.6827,
    "ndcg_at_10": 0.7715,
    "ndcg_at_100": 0.79486,
    "ndcg_at_1000": 0.79957,
    "ndcg_at_3": 0.73175,
    "ndcg_at_5": 0.75228,
    "precision_at_1": 0.6827,
    "precision_at_10": 0.11913,
    "precision_at_100": 0.01443,
    "precision_at_1000": 0.00154,
    "precision_at_3": 0.32063,
    "precision_at_5": 0.21372,
    "recall_at_1": 0.59177,
    "recall_at_10": 0.87213,
    "recall_at_100": 0.96298,
    "recall_at_1000": 0.99118,
    "recall_at_3": 0.75997,
    "recall_at_5": 0.81532
  },
  "validation": {
    "evaluation_time": 322.3,
    "map_at_1": 0.5853,
    "map_at_10": 0.71892,
    "map_at_100": 0.72688,
    "map_at_1000": 0.72721,
    "map_at_3": 0.68728,
    "map_at_5": 0.70653,
    "mrr_at_1": 0.673,
    "mrr_at_10": 0.75555,
    "mrr_at_100": 0.75877,
    "mrr_at_1000": 0.75886,
    "mrr_at_3": 0.73893,
    "mrr_at_5": 0.7494,
    "ndcg_at_1": 0.6728,
    "ndcg_at_10": 0.76783,
    "ndcg_at_100": 0.79241,
    "ndcg_at_1000": 0.79668,
    "ndcg_at_3": 0.72752,
    "ndcg_at_5": 0.74844,
    "precision_at_1": 0.6728,
    "precision_at_10": 0.11864,
    "precision_at_100": 0.01418,
    "precision_at_1000": 0.0015,
    "precision_at_3": 0.32073,
    "precision_at_5": 0.21376,
    "recall_at_1": 0.5853,
    "recall_at_10": 0.8711,
    "recall_at_100": 0.96727,
    "recall_at_1000": 0.99277,
    "recall_at_3": 0.75777,
    "recall_at_5": 0.81483
  }
}